{"concentrations": [0.0, 5.0, 10.0, 15.0, 25.0, 50.0, 75.0, 100.0, 150.0, 200.0, 0.0, 5.0, 10.0, 15.0, 25.0, 50.0, 75.0, 100.0, 150.0, 200.0, 0.0, 5.0, 10.0, 15.0, 25.0, 50.0, 75.0, 100.0, 150.0, 200.0], "signals": [0.0011333333333333297, 0.07903333333333333, 0.16525151515151515, 0.25025151515151517, 0.43068787878787873, 0.9713151515151516, 1.4482515151515154, 1.9507333333333337, 2.879687878787879, 3.5045878787878793, 0.0002757575757575801, 0.07296060606060605, 0.16335151515151514, 0.25156969696969694, 0.42706969696969693, 0.9676333333333332, 1.3294151515151515, 1.7771878787878785, 2.659787878787878, 3.308278787878788, 0.0008575757575757628, 0.07176060606060607, 0.16158787878787878, 0.25495151515151515, 0.42446969696969694, 0.9715333333333335, 1.3305424242424244, 1.759742424242424, 2.698742424242424, 3.2558333333333334]}